"website";"flightno";"depsched";"depact";"depgate";"arrivalsched";"arrivalact";"arrivalgat"
"aa";"AA-1007-TPA-MIA";2011-12-01 13:55:00;2011-12-01 14:07:00;"F78";2011-12-01 15:00:00;2011-12-01 14:57:00;"D5"
"aa";"AA-1518-DFW-SDF";2011-12-01 12:10:00;2011-12-01 12:17:00;"C20";2011-12-01 15:10:00;2011-12-01 14:57:00;"A15"
"aa";"AA-185-JFK-LAX";2011-12-01 21:00:00;;"46";2011-12-02 00:23:00;;"47B"
"aa";"AA-3592-MIA-CLE";2011-12-01 15:15:00;2011-12-01 15:25:00;"D60";2011-12-01 18:10:00;2011-12-01 18:20:00;"A3"
"aa";"AA-393-DFW-DEN";2011-12-01 06:55:00;2011-12-01 07:06:00;"C37";2011-12-01 07:55:00;2011-12-01 07:55:00;"A49"
"aa";"AA-3508-ATL-MIA";2011-12-01 19:40:00;2011-12-01 19:57:00;"T10";2011-12-01 21:40:00;2011-12-01 21:22:00;"D53"
"aa";"AA-637-ORD-LAX";2011-12-01 16:40:00;2011-12-01 16:56:00;"K5";2011-12-01 19:10:00;;"41"
"aa";"AA-649-ORD-SNA";2011-12-01 13:30:00;;"H10";2011-12-01 15:50:00;;"7"
"aa";"AA-463-ORF-DFW";2011-12-01 06:30:00;2011-12-01 06:32:00;"B17";2011-12-01 09:10:00;2011-12-01 08:26:00;"C2"
"aa";"AA-3921-MEM-ORD";2011-12-01 17:20:00;2011-12-01 17:27:00;"C12A";2011-12-01 19:30:00;2011-12-01 18:50:00;"G6A"
"aa";"AA-1538-DFW-MCO";2011-12-01 20:40:00;2011-12-01 21:25:00;"D25";2011-12-02 23:55:00;;"16"
"aa";"AA-1367-ATL-DFW";2011-12-01 16:26:00;;"T12";2011-12-01 17:56:00;;"C19"
"aa";"AA-1593-MCO-MIA";2011-12-01 12:05:00;2011-12-01 12:17:00;"16";2011-12-01 13:05:00;2011-12-01 12:58:00;"D2"
"aa";"AA-821-JFK-FLL";2011-12-01 15:45:00;2011-12-01 16:23:00;"43";2011-12-01 19:05:00;2011-12-01 18:56:00;"E4"
"aa";"AA-3536-CLT-MIA";2011-12-01 16:40:00;2011-12-01 16:57:00;"A9";2011-12-01 18:50:00;2011-12-01 18:34:00;"D60"
"aa";"AA-1294-IAH-MIA";2011-12-01 17:35:00;2011-12-01 17:48:00;"A27";2011-12-01 21:00:00;2011-12-01 20:58:00;"D4"
"aa";"AA-2435-ORD-PHX";2011-12-01 12:40:00;2011-12-01 13:29:00;"H6";2011-12-01 15:25:00;2011-12-01 16:09:00;"6"
"aa";"AA-3063-SLC-LAX";2011-12-01 20:20:00;2011-12-01 20:39:00;"A3";2011-12-01 21:20:00;;"44I"
"aa";"AA-2238-DFW-CLT";2011-12-01 17:10:00;2011-12-01 17:33:00;"C8";2011-12-01 20:25:00;2011-12-01 20:37:00;"A9"
"aa";"AA-222-LAX-BOS";2011-12-01 07:10:00;2011-12-01 07:31:00;"47A";2011-12-01 15:30:00;2011-12-01 15:14:00;"B36"
"aa";"AA-3732-MSP-ORD";2011-12-01 15:55:00;2011-12-01 16:14:00;"E12";2011-12-01 17:25:00;2011-12-01 17:25:00;"G11"
"aa";"AA-1381-DFW-SFO";2011-12-01 14:50:00;2011-12-01 15:06:00;"C11";2011-12-01 16:30:00;2011-12-01 16:18:00;"56B"
"aa";"AA-3468-CVG-MIA";2011-12-01 07:00:00;2011-12-01 07:25:00;"5";2011-12-01 09:55:00;2011-12-01 09:45:00;"D60"
"aa";"AA-4344-DTW-ORD";2011-12-01 14:45:00;2011-12-01 14:54:00;"D28";2011-12-01 15:10:00;2011-12-01 15:04:00;"H5"
"aa";"AA-192-LAX-BOS";2011-12-01 22:05:00;;"46A";2011-12-02 06:20:00;;"B34"
"aa";"AA-1667-DFW-SAT";2011-12-01 19:40:00;2011-12-01 20:35:00;"C28";2011-12-01 20:45:00;2011-12-01 21:21:00;"B4"
"aa";"AA-2419-MCO-DFW";2011-12-01 07:45:00;2011-12-01 07:54:00;"16";2011-12-01 09:45:00;2011-12-01 09:36:00;"D27"
"aa";"AA-3544-MEM-MIA";2011-12-01 13:35:00;2011-12-01 13:42:00;"C12A";2011-12-01 16:55:00;2011-12-01 16:45:00;"D53"
"aa";"AA-1956-CCS-MIA";2011-12-02 08:35:00;2011-12-02 08:34:00;"27";2011-12-01 11:30:00;2011-12-01 11:09:00;"D37"
"aa";"AA-3842-MSP-ORD";2011-12-01 06:00:00;2011-12-01 06:56:00;"E14";2011-12-01 07:30:00;2011-12-01 07:51:00;"G8"
"aa";"AA-18-SFO-JFK";2011-12-01 23:00:00;;"56A";2011-12-02 07:25:00;;"3"
"aa";"AA-415-ORD-SEA";2011-12-01 11:35:00;2011-12-01 11:49:00;"K18";2011-12-01 14:05:00;;"A9"
"aa";"AA-1960-MIA-TPA";2011-12-01 16:45:00;2011-12-01 17:02:00;"D47";2011-12-01 17:45:00;2011-12-01 17:44:00;"F79"
"aa";"AA-1210-ORD-BOS";2011-12-01 12:10:00;2011-12-01 12:23:00;"K7";2011-12-01 15:15:00;2011-12-01 15:05:00;"B35"
"aa";"AA-3591-CLE-MIA";2011-12-01 17:30:00;2011-12-01 17:35:00;"A1";2011-12-01 20:35:00;2011-12-01 20:10:00;"D60"
"aa";"AA-518-MIA-JFK";2011-12-01 06:40:00;2011-12-01 06:54:00;"D22";2011-12-01 09:25:00;2011-12-01 09:28:00;"6"
"aa";"AA-1007-MIA-PHX";2011-12-01 16:55:00;2011-12-01 17:08:00;"D5";2011-12-01 20:05:00;2011-12-01 19:55:00;"4"
"aa";"AA-1687-BWI-MIA";2011-12-01 10:20:00;2011-12-01 10:35:00;"C8";2011-12-01 13:05:00;2011-12-01 12:38:00;"D47"
"aa";"AA-33-JFK-LAX";2011-12-01 07:40:00;2011-12-01 07:59:00;"5";2011-12-01 11:05:00;2011-12-01 10:33:00;"49A"
"aa";"AA-1640-MIA-MCO";2011-12-01 18:30:00;;"E5";2011-12-01 19:25:00;;"14"
"aa";"AA-1039-ATL-MIA";2011-12-01 13:25:00;2011-12-01 13:46:00;"T11";2011-12-01 15:20:00;2011-12-01 15:14:00;"D48"
"aa";"AA-2049-DFW-DEN";2011-12-01 08:50:00;2011-12-01 09:26:00;"C19";2011-12-01 09:55:00;2011-12-01 10:28:00;"A49"
"aa";"AA-3356-DFW-CVG";2011-12-01 10:35:00;2011-12-01 10:46:00;"B20";2011-12-01 13:45:00;2011-12-01 13:39:00;"1"
"aa";"AA-3753-MSP-ORD";2011-12-01 09:55:00;2011-12-01 10:02:00;"E14";2011-12-01 11:25:00;2011-12-01 11:05:00;"G11"
"aa";"AA-1048-MIA-IAD";2011-12-01 20:30:00;;"E9";2011-12-01 22:55:00;;
"aa";"AA-442-SFO-MIA";2011-12-01 13:05:00;2011-12-01 13:30:00;"57";2011-12-01 21:30:00;;"D3"
"aa";"AA-3728-EWR-ORD";2011-12-01 13:25:00;2011-12-01 13:33:00;"30";2011-12-01 15:10:00;2011-12-01 14:40:00;"G1B"
"aa";"AA-1990-TUS-ORD";2011-12-01 14:10:00;2011-12-01 14:24:00;"A7";2011-12-01 18:40:00;2011-12-01 18:11:00;"K4"
"aa";"AA-1544-SAN-ORD";2011-12-01 11:25:00;2011-12-01 11:40:00;"27";2011-12-01 17:25:00;2011-12-01 16:56:00;"H17"
"aa";"AA-487-SJU-CCS";2011-12-01 13:00:00;2011-12-01 13:16:00;"9";2011-12-01 14:10:00;2011-12-01 14:10:00;"24"
"aa";"AA-1309-DFW-SFO";2011-12-01 13:55:00;2011-12-01 14:13:00;"C27";2011-12-01 15:40:00;2011-12-01 15:30:00;"58A"
"aa";"AA-1735-MIA-KIN";2011-12-01 12:40:00;2011-12-01 13:01:00;"D42";2011-12-01 14:15:00;2011-12-01 14:27:00;
"aa";"AA-3744-EWR-ORD";2011-12-01 21:00:00;2011-12-01 21:33:00;"30";2011-12-01 22:30:00;2011-12-01 22:38:00;"G11"
"aa";"AA-1066-DFW-DCA";2011-12-01 10:30:00;2011-12-01 10:43:00;"D38";2011-12-01 14:10:00;2011-12-01 14:15:00;"28"
"aa";"AA-3806-LAX-PHX";2011-12-01 15:05:00;2011-12-01 17:17:00;"44F";2011-12-01 17:20:00;;"2"
"aa";"AA-1279-DFW-PHX";2011-12-01 13:00:00;2011-12-01 14:04:00;"C36";2011-12-01 14:35:00;2011-12-01 15:30:00;"4"
"aa";"AA-1201-ORD-STL";2011-12-01 15:10:00;2011-12-01 15:22:00;"K13";2011-12-01 16:15:00;2011-12-01 16:13:00;"D18"
"aa";"AA-971-MIA-SJO";2011-12-01 09:25:00;;"D38";2011-12-01 11:10:00;;"5"
"aa";"AA-2459-DFW-LAX";2011-12-01 16:45:00;2011-12-01 17:00:00;"D40";2011-12-01 18:10:00;2011-12-01 18:16:00;"47A"
"aa";"AA-2574-MIA-ATL";2011-12-01 18:55:00;2011-12-01 19:07:00;"D37";2011-12-01 20:55:00;2011-12-01 20:47:00;"T12"
"aa";"AA-25-BOS-LAX";2011-12-01 07:45:00;2011-12-01 08:01:00;"B31";2011-12-01 11:30:00;2011-12-01 11:46:00;"42B"
"aa";"AA-466-IAH-MIA";2011-12-01 06:00:00;2011-12-01 06:08:00;"A27";2011-12-01 09:20:00;2011-12-01 09:05:00;"D1"
"aa";"AA-3801-PHX-LAX";2011-12-01 10:50:00;2011-12-01 11:19:00;"2";2011-12-01 11:30:00;;"44F"
"aa";"AA-1999-EWR-MIA";2011-12-01 16:50:00;2011-12-01 17:13:00;"34";2011-12-01 20:10:00;2011-12-01 19:39:00;"D33"
"aa";"AA-1077-DFW-SFO";2011-12-01 07:45:00;2011-12-01 08:06:00;"C35";2011-12-01 09:30:00;2011-12-01 09:21:00;"55"
"aa";"AA-858-TPA-MIA";2011-12-01 06:55:00;2011-12-01 07:05:00;"F79";2011-12-01 07:55:00;2011-12-01 07:49:00;"D43"
"aa";"AA-954-TGU-MIA";2011-12-01 14:35:00;2011-12-01 14:54:00;"02";2011-12-01 17:50:00;2011-12-01 17:56:00;"D47"
"aa";"AA-2111-MIA-LIM";2011-12-01 18:30:00;2011-12-01 18:40:00;"D25";2011-12-01 00:05:00;;
"aa";"AA-5093-CVG-ORD";2011-12-01 14:15:00;2011-12-01 14:25:00;"5";2011-12-01 14:45:00;2011-12-01 14:22:00;"L6A"
"aa";"AA-1592-DFW-MCO";2011-12-01 12:40:00;2011-12-01 13:43:00;"C39";2011-12-01 16:00:00;2011-12-01 17:01:00;"16"
"aa";"AA-2431-DFW-LAX";2011-12-01 12:30:00;2011-12-01 12:51:00;"C26";2011-12-01 14:00:00;2011-12-01 13:52:00;"42B"
"aa";"AA-789-ORD-DEN";2011-12-01 13:05:00;2011-12-01 13:19:00;"H11A";2011-12-01 14:35:00;2011-12-01 15:13:00;"A49"
"aa";"AA-3545-MIA-MEM";2011-12-01 11:25:00;2011-12-01 11:37:00;"D60";2011-12-01 13:05:00;2011-12-01 12:48:00;"C12A"
"aa";"AA-706-DEN-ORD";2011-12-01 15:40:00;2011-12-01 16:34:00;"A49";2011-12-01 19:15:00;2011-12-01 19:32:00;"H14"
"aa";"AA-1718-ORD-BOS";2011-12-01 09:10:00;2011-12-01 10:53:00;"H9";2011-12-01 12:15:00;2011-12-01 13:45:00;"B35"
"aa";"AA-252-LAX-MIA";2011-12-01 14:10:00;2011-12-01 15:17:00;"47B";2011-12-01 21:55:00;2011-12-01 22:42:00;"D37"
"aa";"AA-21-JFK-LAX";2011-12-01 19:10:00;2011-12-01 19:29:00;"16";2011-12-01 22:30:00;;"46A"
"aa";"AA-1397-DCA-DFW";2011-12-01 11:30:00;2011-12-01 11:44:00;"28";2011-12-01 14:05:00;2011-12-01 13:40:00;"C4"
"aa";"AA-645-MIA-STT";2011-12-01 10:20:00;2011-12-01 10:39:00;"D4";2011-12-01 13:50:00;;"4"
"aa";"AA-1710-LAS-DFW";2011-12-01 14:45:00;;"D39";2011-12-01 19:25:00;;"C26"
"aa";"AA-4010-CLT-ORD";2011-12-01 18:00:00;2011-12-01 18:06:00;"A11";2011-12-01 19:35:00;2011-12-01 19:03:00;"G19"
"aa";"AA-3063-LAX-SBA";2011-12-01 22:00:00;;"44I";2011-12-01 22:40:00;;
"aa";"AA-2050-ORD-MIA";2011-12-01 10:40:00;2011-12-01 11:05:00;"H15";2011-12-01 14:45:00;2011-12-01 14:46:00;"D1"
"aa";"AA-1974-SFO-LAX";2011-12-01 09:15:00;2011-12-01 09:23:00;"58B";2011-12-01 10:45:00;2011-12-01 10:30:00;"45"
"aa";"AA-2328-DFW-ORD";2011-12-01 07:35:00;2011-12-01 07:44:00;"C24";2011-12-01 10:00:00;2011-12-01 09:35:00;"H11B"
"aa";"AA-3750-MSP-ORD";2011-12-01 20:20:00;2011-12-01 20:26:00;"E12";2011-12-01 21:45:00;2011-12-01 21:42:00;"H2"
"aa";"AA-3836-ORD-PHL";2011-12-01 08:30:00;2011-12-01 09:32:00;"G1B";2011-12-01 11:25:00;2011-12-01 12:01:00;"A7"
"aa";"AA-3752-ORD-CLE";2011-12-01 21:45:00;2011-12-01 21:58:00;"H4";2011-12-01 23:55:00;2011-12-01 23:49:00;"A3"
"aa";"AA-2098-SEA-ORD";2011-12-01 08:25:00;2011-12-01 08:48:00;"A8";2011-12-01 14:25:00;2011-12-01 14:21:00;"H14"
"aa";"AA-2513-DFW-DEN";2011-12-01 20:20:00;2011-12-01 20:40:00;"C8";2011-12-01 21:20:00;2011-12-01 21:27:00;"A47"
"aa";"AA-1125-MSP-DFW";2011-12-01 08:30:00;2011-12-01 09:06:00;"E16";2011-12-01 11:15:00;2011-12-01 11:27:00;"D34"
"aa";"AA-1455-ORD-LAX";2011-12-01 15:00:00;2011-12-01 15:12:00;"K9";2011-12-01 17:30:00;2011-12-01 17:47:00;"48B"
"aa";"AA-59-JFK-SFO";2011-12-01 07:10:00;2011-12-01 07:39:00;"36";2011-12-01 10:45:00;2011-12-01 11:12:00;"58B"
"aa";"AA-1106-DFW-OKC";2011-12-01 21:25:00;;"C12";2011-12-01 22:15:00;;"4"
"aa";"AA-557-MIA-STT";2011-12-01 12:00:00;2011-12-01 12:10:00;"D47";2011-12-01 15:30:00;2011-12-01 15:22:00;
"aa";"AA-4195-ORD-MEM";2011-12-01 22:15:00;2011-12-01 22:23:00;"G5";2011-12-02 23:55:00;;"C12A"
"aa";"AA-3808-LAX-PHX";2011-12-01 22:30:00;;"44E";2011-12-02 00:45:00;;"2"
"aa";"AA-2493-DFW-LAX";2011-12-01 21:35:00;2011-12-01 21:51:00;"D38";2011-12-01 23:00:00;;"47B"
"aa";"AA-3535-MIA-CLT";2011-12-01 14:00:00;2011-12-01 14:20:00;"D53";2011-12-01 16:05:00;2011-12-01 16:11:00;"A11"
"aa";"AA-3823-LAX-DEN";2011-12-01 21:00:00;;"44F";2011-12-02 00:15:00;;"A49"
"aa";"AA-1472-DFW-ATL";2011-12-01 11:35:00;2011-12-01 11:42:00;"C31";2011-12-01 14:35:00;2011-12-01 14:26:00;"T12"
"aa";"AA-501-MIA-DEN";2011-12-01 17:25:00;2011-12-01 18:16:00;"E7";2011-12-01 19:50:00;2011-12-01 20:19:00;"A41"
"aa";"AA-264-LAX-BOS";2011-12-01 12:25:00;2011-12-01 13:32:00;"43";2011-12-01 20:50:00;2011-12-01 21:21:00;"B29"
"aa";"AA-935-MIA-CCS";2011-12-01 11:45:00;2011-12-01 12:20:00;"D50";2011-12-01 15:30:00;;"24"
"aa";"AA-2957-DFW-CVG";2011-12-01 07:55:00;2011-12-01 08:04:00;"B25";2011-12-01 11:05:00;2011-12-01 11:01:00;"5"
"aa";"AA-1929-SFO-LAX";2011-12-01 07:00:00;2011-12-01 07:10:00;"55";2011-12-01 08:20:00;2011-12-01 08:14:00;"45"
"aa";"AA-1373-MCO-DFW";2011-12-01 09:20:00;2011-12-01 09:25:00;"13";2011-12-01 11:20:00;2011-12-01 10:50:00;"C24"
"aa";"AA-280-LAX-MIA";2011-12-01 09:00:00;2011-12-01 09:20:00;"49A";2011-12-01 16:45:00;2011-12-01 16:53:00;"D3"
"aa";"AA-3804-PHL-ORD";2011-12-01 14:35:00;2011-12-01 14:44:00;"A7";2011-12-01 16:05:00;2011-12-01 15:43:00;"H3A"
"aa";"AA-1940-ORD-MIA";2011-12-01 19:20:00;2011-12-01 19:51:00;"K13";2011-12-01 23:20:00;2011-12-01 23:17:00;"D16"
"aa";"AA-3532-CLT-MIA";2011-12-01 05:50:00;2011-12-01 06:36:00;"A11";2011-12-01 08:05:00;2011-12-01 08:10:00;"D60"
"aa";"AA-2385-DFW-IAH";2011-12-01 07:05:00;2011-12-01 07:11:00;"C20";2011-12-01 08:15:00;2011-12-01 08:12:00;"A29"
"aa";"AA-3534-CLT-MIA";2011-12-01 10:30:00;2011-12-01 10:48:00;"A11";2011-12-01 12:40:00;2011-12-01 12:23:00;"D55"
"aa";"AA-1442-SAN-ORD";2011-12-01 09:40:00;2011-12-01 09:43:00;"29";2011-12-01 15:40:00;2011-12-01 15:01:00;"K5"
"aa";"AA-536-DFW-ATL";2011-12-01 06:15:00;2011-12-01 06:29:00;"C2";2011-12-01 09:20:00;2011-12-01 09:18:00;"T12"
"aa";"AA-2495-DFW-LAX";2011-12-01 22:30:00;;"D31";2011-12-02 23:50:00;;"46A"
"aa";"AA-474-PHX-DFW";2011-12-01 08:05:00;2011-12-01 08:23:00;"4";2011-12-01 11:25:00;2011-12-01 11:22:00;"C19"
"aa";"AA-145-BOS-LAX";2011-12-01 17:00:00;2011-12-01 17:24:00;"B36";2011-12-01 20:35:00;2011-12-01 20:49:00;"45"
"aa";"AA-4192-CLT-ORD";2011-12-01 14:20:00;2011-12-01 14:37:00;"A11";2011-12-01 15:40:00;2011-12-01 15:23:00;"G3"
"aa";"AA-1811-MIA-IAH";2011-12-01 21:50:00;2011-12-01 23:12:00;"D12";2011-12-02 23:40:00;;"A27"
"aa";"AA-277-MIA-LAX";2011-12-01 16:00:00;2011-12-01 17:38:00;"E9";2011-12-01 18:50:00;;"47B"
"aa";"AA-3830-ORD-IAH";2011-12-01 12:30:00;2011-12-01 12:38:00;"H1A";2011-12-01 15:10:00;2011-12-01 15:05:00;"A29"
"aa";"AA-5026-ORD-CVG";2011-12-01 17:40:00;;"L2C";2011-12-01 19:55:00;2011-12-01 19:43:00;"5"
"aa";"AA-3880-ORD-IAH";2011-12-01 15:15:00;2011-12-01 15:32:00;"G1B";2011-12-01 18:00:00;2011-12-01 18:05:00;"A29"
"aa";"AA-1777-JFK-MCO";2011-12-01 08:50:00;2011-12-01 09:09:00;"34";2011-12-01 11:50:00;2011-12-01 11:32:00;"15"
"aa";"AA-4198-ORD-CLE";2011-12-01 10:40:00;2011-12-01 10:54:00;"H2";2011-12-01 12:55:00;2011-12-01 12:50:00;"A1"
"aa";"AA-3533-MIA-CLT";2011-12-01 22:15:00;;"D60";2011-12-02 00:15:00;;"A11"
"aa";"AA-1494-LAS-DFW";2011-12-01 08:15:00;;"D39";2011-12-01 12:55:00;;"C28"
"aa";"AA-1063-BWI-DFW";2011-12-01 07:05:00;2011-12-01 07:26:00;"C8";2011-12-01 09:45:00;2011-12-01 09:22:00;"C27"
"aa";"AA-75-IAD-LAX";2011-12-01 17:50:00;2011-12-01 18:03:00;"B71";2011-12-01 20:40:00;2011-12-01 20:47:00;"41"
"aa";"AA-3833-ORD-ATL";2011-12-01 11:55:00;2011-12-01 12:03:00;"G13";2011-12-01 14:45:00;2011-12-01 14:30:00;"T10"
"aa";"AA-716-ORD-MCO";2011-12-01 07:00:00;2011-12-01 07:16:00;"K4";2011-12-01 10:25:00;2011-12-01 10:27:00;"15"
"aa";"AA-3719-IAH-LAX";2011-12-01 12:45:00;2011-12-01 12:51:00;"A29";2011-12-01 14:25:00;2011-12-01 14:09:00;"44I"
"aa";"AA-3815-LAX-DEN";2011-12-01 07:20:00;2011-12-01 07:43:00;"44F";2011-12-01 10:35:00;2011-12-01 10:40:00;"A47"
"aa";"AA-2268-PHX-ORD";2011-12-01 07:15:00;2011-12-01 07:22:00;"6";2011-12-01 11:35:00;2011-12-01 11:06:00;"H15"
"aa";"AA-309-ORD-MCO";2011-12-01 11:10:00;2011-12-01 11:32:00;"K4";2011-12-01 14:40:00;2011-12-01 14:43:00;"14"
"aa";"AA-2134-CCS-MIA";2011-12-01 07:00:00;2011-12-01 07:26:00;"27";2011-12-01 09:55:00;2011-12-01 10:02:00;"D40"
"aa";"AA-3505-MIA-CVG";2011-12-01 08:55:00;2011-12-01 09:10:00;"D55";2011-12-01 11:35:00;2011-12-01 11:33:00;"1"
"aa";"AA-942-SAP-MIA";2011-12-01 14:40:00;2011-12-01 15:04:00;;2011-12-01 17:50:00;2011-12-01 18:03:00;"D36"
"aa";"AA-1221-MCO-ORD";2011-12-01 20:00:00;2011-12-01 20:23:00;"17";2011-12-01 21:45:00;2011-12-01 21:53:00;"K7"
"aa";"AA-685-MIA-IAH";2011-12-01 14:50:00;2011-12-01 15:13:00;"D19";2011-12-01 16:40:00;2011-12-01 16:59:00;"A27"
"aa";"AA-3877-PHL-ORD";2011-12-01 09:50:00;2011-12-01 10:03:00;"A7";2011-12-01 11:15:00;2011-12-01 10:57:00;"H5"
"aa";"AA-4180-ORD-CLT";2011-12-01 10:45:00;2011-12-01 10:52:00;"G1B";2011-12-01 13:35:00;2011-12-01 13:18:00;"A11"
"aa";"AA-271-MIA-LAX";2011-12-01 11:35:00;2011-12-01 11:52:00;"D51";2011-12-01 14:25:00;2011-12-01 14:27:00;"46A"
"aa";"AA-3716-ATL-ORD";2011-12-01 15:35:00;2011-12-01 15:51:00;"T10";2011-12-01 16:50:00;2011-12-01 16:34:00;"G8"
"aa";"AA-876-ORD-BOS";2011-12-01 07:05:00;2011-12-01 07:15:00;"K8";2011-12-01 10:15:00;2011-12-01 10:09:00;"B33"
"aa";"AA-3771-ORD-IAH";2011-12-01 08:10:00;2011-12-01 08:45:00;"G8";2011-12-01 11:00:00;2011-12-01 11:11:00;"A29"
"aa";"AA-272-SFO-MIA";2011-12-01 21:20:00;;"56B";2011-12-02 05:25:00;;"D34"
"aa";"AA-4209-CLE-ORD";2011-12-01 18:55:00;2011-12-01 19:06:00;"A3";2011-12-01 19:40:00;2011-12-01 19:14:00;"G2A"
"aa";"AA-3703-ORD-ATL";2011-12-01 17:00:00;2011-12-01 17:31:00;"H5";2011-12-01 19:55:00;2011-12-01 20:05:00;"T10"
"aa";"AA-244-LAX-MCO";2011-12-01 09:15:00;2011-12-01 09:28:00;"48A";2011-12-01 16:50:00;2011-12-01 16:45:00;"17"
"aa";"AA-2419-DFW-LAX";2011-12-01 10:45:00;2011-12-01 11:00:00;"D27";2011-12-01 12:10:00;;"45"
"aa";"AA-1412-MIA-JFK";2011-12-01 20:40:00;2011-12-01 21:02:00;"D15";2011-12-01 23:25:00;2011-12-01 23:31:00;"38"
"aa";"AA-309-LGA-ORD";2011-12-01 08:30:00;2011-12-01 09:19:00;"D7";2011-12-01 10:20:00;2011-12-01 10:24:00;"H10"
"aa";"AA-2907-DFW-CVG";2011-12-01 15:35:00;2011-12-01 15:40:00;"B13";2011-12-01 18:40:00;2011-12-01 18:29:00;"1"
"aa";"AA-3564-MIA-CLT";2011-12-01 07:55:00;2011-12-01 08:04:00;"D55";2011-12-01 09:55:00;2011-12-01 09:58:00;"A11"
"aa";"AA-4388-ORD-DTW";2011-12-01 16:30:00;2011-12-01 16:33:00;"G14";2011-12-01 18:50:00;2011-12-01 18:33:00;"D28"
"aa";"AA-4366-ORD-CVG";2011-12-01 18:45:00;2011-12-01 18:55:00;"G1A";2011-12-01 21:00:00;2011-12-01 20:46:00;"3"
"aa";"AA-2525-DFW-MIA";2011-12-01 07:25:00;2011-12-01 07:39:00;"C4";2011-12-01 11:10:00;2011-12-01 11:06:00;"D1"
"aa";"AA-1682-ORD-MIA";2011-12-01 14:00:00;;"H14";2011-12-01 18:05:00;;"D38"
"aa";"AA-1011-MIA-GCM";2011-12-01 19:15:00;2011-12-01 19:29:00;"D17";2011-12-01 20:40:00;2011-12-01 20:36:00;
"aa";"AA-2463-DFW-LAX";2011-12-01 17:10:00;;"D17";2011-12-01 18:35:00;;"46A"
"aa";"AA-1445-ATL-DFW";2011-12-01 10:55:00;2011-12-01 11:08:00;"T11";2011-12-01 12:30:00;2011-12-01 12:14:00;"C16"
"aa";"AA-3717-IAH-ORD";2011-12-01 18:50:00;2011-12-01 18:56:00;"A29";2011-12-01 21:20:00;2011-12-01 21:31:00;"G13"
"aa";"AA-10-LAX-JFK";2011-12-01 21:20:00;;"47B";2011-12-02 05:30:00;;"42"
"aa";"AA-1664-MIA-ATL";2011-12-01 10:15:00;2011-12-01 10:18:00;"D1";2011-12-01 12:10:00;2011-12-01 11:56:00;"T11"
"aa";"AA-2147-MIA-CUN";2011-12-01 20:00:00;2011-12-01 22:23:00;"E7";2011-12-01 20:45:00;;
"aa";"AA-2281-SDF-DFW";2011-12-01 06:40:00;2011-12-01 06:59:00;"A15";2011-12-01 08:15:00;2011-12-01 08:01:00;"D37"
"aa";"AA-1607-DFW-PHX";2011-12-01 15:20:00;2011-12-01 15:32:00;"C36";2011-12-01 16:50:00;2011-12-01 16:58:00;"4"
"aa";"AA-3549-MIA-CVG";2011-12-01 21:20:00;;"D60";2011-12-01 23:59:00;;"5"
"aa";"AA-2428-LAX-DFW";2011-12-01 08:20:00;2011-12-01 08:44:00;"48B";2011-12-01 13:25:00;2011-12-01 13:20:00;"C26"
"aa";"AA-1624-LAX-ORD";2011-12-01 14:40:00;2011-12-01 15:05:00;"43";2011-12-01 20:40:00;2011-12-01 20:28:00;"K5"
"aa";"AA-2324-DFW-ORD";2011-12-01 06:45:00;2011-12-01 07:00:00;"C26";2011-12-01 09:10:00;2011-12-01 08:58:00;"K7"
"aa";"AA-3015-SMF-LAX";2011-12-01 09:55:00;2011-12-01 10:06:00;"B7";2011-12-01 11:25:00;2011-12-01 11:14:00;"44D"
"aa";"AA-484-DFW-MIA";2011-12-01 16:15:00;2011-12-01 16:29:00;"D18";2011-12-01 19:55:00;2011-12-01 19:39:00;"D43"
"aa";"AA-4288-DTW-ORD";2011-12-01 21:55:00;2011-12-01 21:59:00;"D28";2011-12-01 22:20:00;2011-12-01 21:50:00;"G2A"
"aa";"AA-4310-CLT-ORD";2011-12-01 11:10:00;2011-12-01 11:15:00;"A9";2011-12-01 12:20:00;2011-12-01 12:00:00;"G2A"
"aa";"AA-4353-ORD-CLE";2011-12-01 20:05:00;2011-12-01 20:24:00;"H1B";2011-12-01 22:20:00;2011-12-01 22:18:00;"A1"
"aa";"AA-2473-DFW-LAX";2011-12-01 18:05:00;2011-12-01 18:33:00;"D29";2011-12-01 19:25:00;2011-12-01 19:36:00;"48A"
"aa";"AA-1206-PHX-ORD";2011-12-01 16:25:00;2011-12-01 16:45:00;"6";2011-12-01 20:50:00;2011-12-01 20:28:00;"H11A"
"aa";"AA-32-LAX-JFK";2011-12-01 13:45:00;2011-12-01 14:04:00;"49A";2011-12-01 22:05:00;2011-12-01 21:43:00;"14"
"aa";"AA-3768-EWR-ORD";2011-12-01 06:00:00;2011-12-01 06:19:00;"35";2011-12-01 07:35:00;2011-12-01 07:29:00;"G13"
"aa";"AA-3805-PHX-LAX";2011-12-01 18:00:00;2011-12-01 20:09:00;"2";2011-12-01 18:35:00;;"44F"
"aa";"AA-618-SFO-ORD";2011-12-01 17:50:00;2011-12-01 17:54:00;"56A";2011-12-01 23:50:00;;"H9"
"aa";"AA-3735-CLE-ORD";2011-12-01 16:35:00;;"A3";2011-12-01 17:10:00;;"G3"
"aa";"AA-3825-SLC-ORD";2011-12-01 07:00:00;2011-12-01 07:26:00;;2011-12-01 11:15:00;2011-12-01 11:00:00;"G13"
"aa";"AA-2459-RSW-DFW";2011-12-01 13:55:00;2011-12-01 13:58:00;"D10";2011-12-01 15:50:00;2011-12-01 15:43:00;"A21"
"aa";"AA-436-SAN-DFW";2011-12-01 10:05:00;2011-12-01 10:13:00;"32";2011-12-01 15:05:00;2011-12-01 14:41:00;"C24"
"aa";"AA-1710-DFW-IAD";2011-12-01 20:40:00;;"C26";2011-12-02 00:15:00;;"B73"
"aa";"AA-295-MIA-ORD";2011-12-01 15:45:00;2011-12-01 16:31:00;"D25";2011-12-01 18:15:00;2011-12-01 18:22:00;"K13"
"aa";"AA-1960-MSY-MIA";2011-12-01 13:00:00;2011-12-01 13:12:00;"C10";2011-12-01 15:45:00;2011-12-01 15:33:00;"D44"
"aa";"AA-425-ORD-SEA";2011-12-01 15:10:00;;"K8";2011-12-01 17:45:00;;"A9"
"aa";"AA-2136-SXM-MIA";2011-12-01 16:00:00;2011-12-01 16:28:00;"B1";2011-12-01 18:35:00;2011-12-01 18:44:00;"D40"
"aa";"AA-4008-ORD-CLT";2011-12-01 14:25:00;2011-12-01 14:45:00;"G2B";2011-12-01 17:15:00;2011-12-01 17:12:00;"A11"
"aa";"AA-1047-MIA-AUA";2011-12-01 11:10:00;2011-12-01 11:35:00;"D6";2011-12-01 14:50:00;2011-12-01 14:48:00;"8"
"aa";"AA-2297-JFK-MIA";2011-12-01 05:35:00;2011-12-01 05:52:00;"7";2011-12-01 08:45:00;2011-12-01 08:31:00;"D4"
"aa";"AA-3802-LAX-PHX";2011-12-01 12:00:00;2011-12-01 13:15:00;"44J";2011-12-01 14:20:00;;"2"
"aa";"AA-1734-DFW-MCO";2011-12-01 08:30:00;2011-12-01 08:41:00;"D16";2011-12-01 11:50:00;2011-12-01 11:53:00;"14"
"aa";"AA-1613-ORD-TUS";2011-12-01 20:10:00;;"H10";2011-12-01 22:50:00;;"A8"
"aa";"AA-1212-MIA-EWR";2011-12-01 10:40:00;2011-12-01 10:55:00;"D11";2011-12-01 13:30:00;2011-12-01 13:33:00;"34"
"aa";"AA-350-TPA-ORD";2011-12-01 15:20:00;2011-12-01 15:29:00;"F78";2011-12-01 17:15:00;2011-12-01 17:10:00;"K1"
"aa";"AA-3809-PHX-LAX";2011-12-01 06:00:00;2011-12-01 06:10:00;"2";2011-12-01 06:40:00;2011-12-01 06:19:00;"44F"
"aa";"AA-117-JFK-LAX";2011-12-01 13:45:00;2011-12-01 14:01:00;"46";2011-12-01 17:05:00;2011-12-01 17:34:00;"46A"
"aa";"AA-983-DCA-MIA";2011-12-01 08:25:00;2011-12-01 08:40:00;"32";2011-12-01 11:10:00;2011-12-01 10:54:00;"D19"
"aa";"AA-2446-LAX-DFW";2011-12-01 13:10:00;2011-12-01 13:28:00;"48B";2011-12-01 18:10:00;2011-12-01 18:06:00;"D21"
"aa";"AA-2312-DFW-DTW";2011-12-01 20:25:00;;"C39";2011-12-01 23:50:00;;"D32"
"aa";"AA-1374-DFW-FLL";2011-12-01 16:55:00;2011-12-01 17:13:00;"C28";2011-12-01 20:30:00;2011-12-01 20:22:00;"E4"
"aa";"AA-4116-ORD-MEM";2011-12-01 15:00:00;2011-12-01 15:09:00;"G6B";2011-12-01 16:40:00;2011-12-01 16:34:00;"C12A"
"aa";"AA-1834-MIA-IAD";2011-12-01 10:45:00;2011-12-01 11:07:00;"D14";2011-12-01 13:05:00;2011-12-01 13:29:00;"B73"
"aa";"AA-689-RIC-DFW";2011-12-01 06:35:00;2011-12-01 06:45:00;"A3";2011-12-01 09:15:00;2011-12-01 08:44:00;"C29"
"aa";"AA-3514-CLE-MIA";2011-12-01 06:10:00;2011-12-01 06:41:00;"A1";2011-12-01 09:20:00;2011-12-01 09:03:00;"D53"
"aa";"AA-1063-DFW-SNA";2011-12-01 10:40:00;2011-12-01 10:54:00;"C27";2011-12-01 11:55:00;;"7"
"aa";"AA-1302-CUN-MIA";2011-12-01 15:05:00;2011-12-01 15:10:00;"C14";2011-12-01 17:45:00;2011-12-01 17:28:00;"E6"
"aa";"AA-118-LAX-JFK";2011-12-01 07:00:00;2011-12-01 07:20:00;"46A";2011-12-01 15:25:00;2011-12-01 15:06:00;"42"
"aa";"AA-2043-ORD-MSP";2011-12-01 15:15:00;2011-12-01 15:22:00;"H10";2011-12-01 16:40:00;2011-12-01 16:26:00;
"aa";"AA-3957-MEM-ORD";2011-12-01 12:05:00;2011-12-01 12:08:00;"C12A";2011-12-01 14:00:00;2011-12-01 13:34:00;"G4"
"aa";"AA-645-DFW-MIA";2011-12-01 05:45:00;2011-12-01 07:16:00;"D17";2011-12-01 09:20:00;2011-12-01 10:33:00;"D38"
"aa";"AA-297-MCO-LAX";2011-12-01 13:00:00;2011-12-01 13:07:00;"14";2011-12-01 15:35:00;2011-12-01 15:27:00;"49A"
"aa";"AA-4362-DTW-ORD";2011-12-01 12:30:00;2011-12-01 12:31:00;"D28";2011-12-01 13:00:00;2011-12-01 12:28:00;"G6B"
"aa";"AA-827-ORD-SJC";2011-12-01 18:50:00;2011-12-01 20:01:00;"K18";2011-12-01 21:25:00;;"9"
"aa";"AA-3820-DEN-LAX";2011-12-01 11:15:00;2011-12-01 15:16:00;"A45";2011-12-01 13:00:00;;"44F"
"aa";"AA-1372-LAX-ORD";2011-12-01 10:20:00;2011-12-01 10:32:00;"45";2011-12-01 16:30:00;2011-12-01 16:02:00;"K8"
"aa";"AA-1165-JFK-MIA";2011-12-01 06:59:00;2011-12-01 07:22:00;"8";2011-12-01 10:34:00;2011-12-01 10:04:00;"D21"
"aa";"AA-1358-ORD-BOS";2011-12-01 22:15:00;2011-12-01 22:22:00;"K18";2011-12-02 01:20:00;;"B33"
"aa";"AA-1358-ORD-BOS";2011-12-01 22:15:00;;"K18";2011-12-02 01:20:00;;"B33"
"aa";"AA-1134-MIA-RDU";2011-12-01 20:30:00;;"D41";2011-12-01 22:30:00;;"C25"
"aa";"AA-3821-LAX-DEN";2011-12-01 16:15:00;2011-12-01 17:02:00;"44I";2011-12-01 19:30:00;2011-12-01 19:54:00;"A49"
"aa";"AA-4360-ORD-DTW";2011-12-01 09:25:00;2011-12-01 09:38:00;"G3";2011-12-01 11:45:00;2011-12-01 11:32:00;"D28"
"aa";"AA-3725-LAX-IAH";2011-12-01 14:15:00;2011-12-01 15:02:00;"44I";2011-12-01 19:25:00;2011-12-01 19:56:00;"A29"
"aa";"AA-1578-SEA-DFW";2011-12-01 13:40:00;2011-12-01 13:55:00;"A8";2011-12-01 19:35:00;2011-12-01 19:30:00;"C15"
"aa";"AA-1544-ORD-DCA";2011-12-01 18:20:00;2011-12-01 18:34:00;"H6";2011-12-01 21:00:00;2011-12-01 20:58:00;"28"
"aa";"AA-415-BOS-ORD";2011-12-01 08:35:00;2011-12-01 08:56:00;"B29";2011-12-01 10:40:00;2011-12-01 10:16:00;"H12"
"aa";"AA-16-SFO-JFK";2011-12-01 12:30:00;2011-12-01 13:04:00;"58B";2011-12-01 21:00:00;2011-12-01 21:21:00;"40"
"aa";"AA-3738-ORD-EWR";2011-12-01 14:30:00;2011-12-01 15:02:00;"G8";2011-12-01 17:35:00;2011-12-01 17:40:00;"30"
"aa";"AA-4111-ORD-CLT";2011-12-01 21:10:00;2011-12-01 21:31:00;"G1A";2011-12-01 00:05:00;2011-12-01 23:57:00;"A11"
"aa";"AA-20-SFO-JFK";2011-12-01 15:00:00;2011-12-01 15:14:00;"58B";2011-12-01 23:25:00;2011-12-01 23:19:00;"5"
"aa";"AA-4330-CVG-ORD";2011-12-01 15:35:00;2011-12-01 15:36:00;"5";2011-12-01 16:00:00;2011-12-01 15:33:00;"G1B"
"aa";"AA-1235-MSP-ORD";2011-12-01 17:45:00;2011-12-01 17:55:00;"E14";2011-12-01 19:20:00;2011-12-01 19:04:00;"K3"
"aa";"AA-568-ORD-FLL";2011-12-01 07:30:00;2011-12-01 07:38:00;"K19";2011-12-01 11:25:00;2011-12-01 11:18:00;"E2"
"aa";"AA-1434-DFW-MCO";2011-12-01 07:15:00;2011-12-01 07:21:00;"D34";2011-12-01 10:35:00;2011-12-01 10:36:00;"14"
"aa";"AA-19-JFK-LAX";2011-12-01 10:30:00;2011-12-01 10:41:00;"40";2011-12-01 13:45:00;2011-12-01 13:39:00;"48B"
"aa";"AA-847-MCI-DFW";2011-12-01 17:10:00;2011-12-01 17:15:00;"77";2011-12-01 18:55:00;2011-12-01 18:38:00;"C16"
"aa";"AA-400-DFW-JFK";2011-12-01 10:40:00;2011-12-01 11:01:00;"D18";2011-12-01 14:59:00;2011-12-01 15:04:00;"33"
"aa";"AA-1942-MIA-ATL";2011-12-01 22:30:00;2011-12-01 22:56:00;"D15";2011-12-02 00:25:00;;"T11"
"aa";"AA-643-MIA-ORD";2011-12-01 07:10:00;2011-12-01 07:30:00;"D3";2011-12-01 09:35:00;2011-12-01 09:31:00;"K9"
"aa";"AA-2863-DFW-CVG";2011-12-01 12:30:00;2011-12-01 12:47:00;"D11";2011-12-01 15:40:00;2011-12-01 15:49:00;"5"
"aa";"AA-3720-ORD-ATL";2011-12-01 21:20:00;2011-12-01 21:38:00;"H2";2011-12-02 00:10:00;2011-12-02 00:02:00;"T9"
"aa";"AA-3740-ORD-EWR";2011-12-01 16:55:00;2011-12-01 18:01:00;"G13";2011-12-01 20:00:00;2011-12-01 20:46:00;"30"
"aa";"AA-1084-DFW-FLL";2011-12-01 19:30:00;2011-12-01 20:12:00;"D31";2011-12-01 23:05:00;2011-12-01 23:27:00;"E2"
"aa";"AA-613-JFK-MIA";2011-12-01 17:45:00;2011-12-01 17:59:00;"46";2011-12-01 21:10:00;2011-12-01 20:28:00;"D40"
"aa";"AA-5093-ORD-CVG";2011-12-01 11:20:00;2011-12-01 11:36:00;"L6B";2011-12-01 13:35:00;2011-12-01 13:31:00;"5"
"aa";"AA-1472-SAT-DFW";2011-12-01 09:35:00;2011-12-01 09:40:00;"B6";2011-12-01 10:45:00;2011-12-01 10:34:00;"C31"
"aa";"AA-1736-SJU-MIA";2011-12-01 20:50:00;;"7";2011-12-01 22:35:00;;"D43"
"aa";"AA-4344-ORD-DTW";2011-12-01 11:45:00;2011-12-01 12:13:00;"G5";2011-12-01 14:00:00;2011-12-01 14:10:00;"D28"
"aa";"AA-205-MCO-LAX";2011-12-01 08:50:00;2011-12-01 09:01:00;"14";2011-12-01 11:30:00;2011-12-01 11:22:00;"48B"
"aa";"AA-4315-CLE-ORD";2011-12-01 13:40:00;2011-12-01 13:56:00;"A1";2011-12-01 14:15:00;2011-12-01 14:01:00;"G5"
"aa";"AA-530-MIA-JFK";2011-12-01 15:20:00;2011-12-01 15:36:00;"D10";2011-12-01 18:25:00;2011-12-01 18:27:00;"44"
"aa";"AA-1259-ORD-PHX";2011-12-01 08:30:00;2011-12-01 08:36:00;"K16";2011-12-01 11:15:00;2011-12-01 11:08:00;"6"
"aa";"AA-1607-OKC-DFW";2011-12-01 13:25:00;2011-12-01 13:32:00;"4";2011-12-01 14:30:00;2011-12-01 14:20:00;"C36"
"aa";"AA-446-DFW-PHL";2011-12-01 11:50:00;2011-12-01 12:12:00;"D16";2011-12-01 15:50:00;2011-12-01 16:09:00;"A9"
"aa";"AA-3851-ORD-ATL";2011-12-01 10:30:00;2011-12-01 10:36:00;"G7";2011-12-01 13:25:00;2011-12-01 13:07:00;"T10"
"aa";"AA-983-MIA-GUA";2011-12-01 12:10:00;2011-12-01 12:26:00;"E7";2011-12-01 13:55:00;;
"aa";"AA-1886-MIA-MCO";2011-12-01 15:20:00;2011-12-01 15:27:00;"D45";2011-12-01 16:20:00;2011-12-01 16:07:00;"15"
"aa";"AA-3729-PHL-ORD";2011-12-01 19:40:00;2011-12-01 19:46:00;"A7";2011-12-01 21:05:00;2011-12-01 21:24:00;"H1A"
"aa";"AA-1201-LAX-ORD";2011-12-01 08:00:00;2011-12-01 08:09:00;"42B";2011-12-01 14:00:00;2011-12-01 13:29:00;"K13"
"aa";"AA-30-LAX-JFK";2011-12-01 23:40:00;;"47B";2011-12-02 07:59:00;;"3"
"aa";"AA-1397-DFW-SNA";2011-12-01 15:15:00;2011-12-01 15:30:00;"C4";2011-12-01 16:30:00;2011-12-01 16:23:00;"8"
"aa";"AA-3786-IAH-ORD";2011-12-01 16:00:00;2011-12-01 16:12:00;"A29";2011-12-01 18:40:00;2011-12-01 18:15:00;"G13"
"aa";"AA-689-DFW-SLC";2011-12-01 10:10:00;2011-12-01 10:25:00;"C29";2011-12-01 12:00:00;2011-12-01 11:43:00;"A3"
"aa";"AA-4325-CLT-ORD";2011-12-01 20:10:00;2011-12-01 20:10:00;"A11";2011-12-01 21:35:00;2011-12-01 20:52:00;"G7"
"aa";"AA-1838-JFK-BOS";2011-12-01 07:20:00;2011-12-01 07:44:00;"44";2011-12-01 08:35:00;2011-12-01 08:26:00;"B36"
"aa";"AA-3988-ORD-DTW";2011-12-01 22:20:00;2011-12-01 22:25:00;"G7";2011-12-02 00:30:00;;"D19"
"aa";"AA-1687-MIA-SJU";2011-12-01 14:00:00;2011-12-01 14:34:00;"D12";2011-12-01 17:30:00;2011-12-01 17:40:00;"7"
"aa";"AA-1436-MCI-DFW";2011-12-01 08:55:00;2011-12-01 09:03:00;"77";2011-12-01 10:40:00;2011-12-01 10:21:00;"C2"
"aa";"AA-1510-MIA-JFK";2011-12-01 11:35:00;2011-12-01 11:44:00;"D21";2011-12-01 14:30:00;2011-12-01 14:18:00;"35"
"aa";"AA-1522-SFO-ORD";2011-12-01 23:55:00;;"57";2011-12-02 05:50:00;;"H9"
"aa";"AA-586-DFW-CLE";2011-12-01 09:00:00;2011-12-01 09:05:00;"C22";2011-12-01 12:25:00;2011-12-01 12:19:00;"A3"
"aa";"AA-1688-CUN-DFW";2011-12-01 15:20:00;2011-12-01 15:21:00;"C15";2011-12-01 18:20:00;2011-12-01 17:57:00;"D28"
"aa";"AA-630-MCO-JFK";2011-12-01 12:55:00;2011-12-01 13:15:00;"15";2011-12-01 15:30:00;2011-12-01 15:35:00;"38"
"aa";"AA-1597-ORD-MEX";2011-12-01 09:20:00;2011-12-01 09:36:00;"K8";2011-12-01 13:30:00;;
"aa";"AA-4368-ORD-CVG";2011-12-01 15:15:00;2011-12-01 15:25:00;"H3B";2011-12-01 17:25:00;2011-12-01 17:13:00;"1"
"aa";"AA-858-MIA-PHL";2011-12-01 08:55:00;2011-12-01 09:12:00;"D43";2011-12-01 11:40:00;2011-12-01 11:42:00;"A3"
"aa";"AA-2885-DFW-CVG";2011-12-01 18:00:00;2011-12-01 18:23:00;"B18";2011-12-01 21:10:00;2011-12-01 21:13:00;"3"
"aa";"AA-610-DFW-BOS";2011-12-01 19:15:00;2011-12-01 19:29:00;"C11";2011-12-01 23:30:00;2011-12-01 23:31:00;"B32"
"aa";"AA-276-LAX-MIA";2011-12-01 22:55:00;;"47A";2011-12-02 06:40:00;;"D15"
"aa";"AA-3574-CLT-MIA";2011-12-01 19:10:00;2011-12-01 19:30:00;"A9";2011-12-01 21:10:00;2011-12-01 21:13:00;"D60"
"aa";"AA-3859-IAH-ORD";2011-12-01 07:10:00;2011-12-01 07:16:00;"A29";2011-12-01 09:40:00;2011-12-01 09:32:00;"H5"
"aa";"AA-939-MIA-CUR";2011-12-01 16:05:00;2011-12-01 16:19:00;"D32";2011-12-01 19:55:00;2011-12-01 19:45:00;
"aa";"AA-1798-LAX-SFO";2011-12-01 19:15:00;2011-12-01 19:22:00;"47A";2011-12-01 20:30:00;2011-12-01 20:27:00;"56B"
"aa";"AA-1890-LAX-ORD";2011-12-01 17:35:00;2011-12-01 18:05:00;"46B";2011-12-01 23:30:00;;"K8"
"aa";"AA-3711-LAX-IAH";2011-12-01 19:40:00;;"44I";2011-12-02 00:45:00;;"A26"
"aa";"AA-5026-CVG-ORD";2011-12-01 20:35:00;;"5";2011-12-01 21:10:00;2011-12-01 20:53:00;"L2A"
"aa";"AA-202-LAX-MIA";2011-12-01 06:10:00;2011-12-01 06:37:00;"42B";2011-12-01 13:55:00;2011-12-01 13:58:00;"D14"
"aa";"AA-24-SFO-JFK";2011-12-01 07:00:00;2011-12-01 07:20:00;"58B";2011-12-01 15:30:00;2011-12-01 15:37:00;"46"
"aa";"AA-404-MIA-MCO";2011-12-01 06:45:00;2011-12-01 06:57:00;"E5";2011-12-01 07:45:00;2011-12-01 07:40:00;"15"
"aa";"AA-1974-LAX-BNA";2011-12-01 11:40:00;;"47A";2011-12-01 17:30:00;;"C2"
"aa";"AA-1920-LAX-SFO";2011-12-01 07:00:00;2011-12-01 07:13:00;"48B";2011-12-01 08:15:00;2011-12-01 08:22:00;"58B"
"aa";"AA-1081-BOS-ORD";2011-12-01 19:35:00;2011-12-01 19:43:00;"B35";2011-12-01 21:20:00;2011-12-01 21:09:00;"H8"
"aa";"AA-1667-DEN-DFW";2011-12-01 15:55:00;2011-12-01 16:55:00;"A47";2011-12-01 18:50:00;2011-12-01 19:34:00;"C28"
"aa";"AA-4389-DTW-ORD";2011-12-01 19:35:00;2011-12-01 19:53:00;"D28";2011-12-01 20:10:00;2011-12-01 20:03:00;"G2B"
"aa";"AA-1688-DFW-MIA";2011-12-01 20:15:00;2011-12-01 21:49:00;"D17";2011-12-02 23:50:00;;"D4"
"aa";"AA-3773-DEN-ORD";2011-12-01 18:40:00;2011-12-01 18:43:00;"A49";2011-12-01 22:05:00;2011-12-01 21:28:00;"G6A"
"aa";"AA-1394-DFW-FLL";2011-12-01 09:10:00;2011-12-01 09:29:00;"C27";2011-12-01 12:45:00;2011-12-01 12:53:00;"E2"
"aa";"AA-2049-CLT-DFW";2011-12-01 06:00:00;2011-12-01 07:06:00;"A9";2011-12-01 08:00:00;2011-12-01 08:34:00;"C19"
"aa";"AA-2463-TUL-DFW";2011-12-01 15:05:00;;"27";2011-12-01 16:10:00;;"D17"
"aa";"AA-743-LGA-DFW";2011-12-01 12:30:00;2011-12-01 13:01:00;"D3";2011-12-01 15:45:00;2011-12-01 15:18:00;"C11"
"aa";"AA-4-LAX-JFK";2011-12-01 12:15:00;2011-12-01 12:43:00;"49A";2011-12-01 20:45:00;2011-12-01 20:34:00;"39"
"aa";"AA-350-ORD-LGA";2011-12-01 18:05:00;2011-12-01 18:14:00;"K1";2011-12-01 21:15:00;2011-12-01 20:53:00;"D7"
"aa";"AA-3840-ORD-ATL";2011-12-01 14:05:00;2011-12-01 14:28:00;"H4";2011-12-01 17:00:00;2011-12-01 16:52:00;"T10"
"aa";"AA-1193-DFW-SAN";2011-12-01 15:50:00;;"C7";2011-12-01 16:55:00;;"27"
"aa";"AA-902-MVD-MIA";2011-12-01 22:55:00;;"05";2011-12-02 05:15:00;;"D3"
"aa";"AA-1514-MIA-LGA";2011-12-01 16:15:00;2011-12-01 16:58:00;"D3";2011-12-01 19:15:00;2011-12-01 19:28:00;"D1"
"aa";"AA-34-LAX-JFK";2011-12-01 08:05:00;2011-12-01 08:23:00;"47B";2011-12-01 16:30:00;2011-12-01 16:14:00;"43"
"aa";"AA-451-ORD-SFO";2011-12-01 10:05:00;2011-12-01 10:13:00;"H10";2011-12-01 12:50:00;;"58A"
"aa";"AA-451-ORD-SFO";2011-12-01 10:05:00;2011-12-01 10:13:00;"H10";2011-12-01 12:50:00;2011-12-01 12:26:00;"58A"
"aa";"AA-282-YVR-DFW";2011-12-01 08:25:00;2011-12-01 08:47:00;"E79";2011-12-01 14:15:00;2011-12-01 14:20:00;"D17"
"aa";"AA-1775-ORD-LAS";2011-12-01 11:55:00;2011-12-01 12:09:00;"H11A";2011-12-01 13:55:00;2011-12-01 14:16:00;"D37"
"aa";"AA-144-LAX-IAD";2011-12-01 15:45:00;2011-12-01 15:58:00;"46A";2011-12-01 23:25:00;2011-12-01 23:22:00;"B71"
"aa";"AA-203-MIA-LAX";2011-12-01 14:10:00;2011-12-01 14:22:00;"D2";2011-12-01 17:00:00;2011-12-01 17:01:00;"47B"
"aa";"AA-866-MIA-PHL";2011-12-01 21:55:00;;"D49";2011-12-02 00:25:00;;"A3"
"aa";"AA-524-ICT-DFW";2011-12-01 14:40:00;2011-12-01 14:41:00;"5";2011-12-01 16:00:00;2011-12-01 15:46:00;"A17"
"aa";"AA-3787-LAX-IAH";2011-12-01 06:55:00;2011-12-01 07:07:00;"44I";2011-12-01 12:05:00;2011-12-01 11:59:00;"A29"
"aa";"AA-149-IAD-LAX";2011-12-01 08:15:00;2011-12-01 08:20:00;"B71";2011-12-01 11:10:00;2011-12-01 10:41:00;"48A"
"aa";"AA-3739-ORD-EWR";2011-12-01 09:30:00;2011-12-01 09:42:00;"G13";2011-12-01 12:30:00;2011-12-01 12:27:00;"30"
"aa";"AA-1721-MIA-MBJ";2011-12-01 09:30:00;2011-12-01 09:58:00;"D12";2011-12-01 11:05:00;2011-12-01 11:16:00;"2"
"aa";"AA-4163-DTW-ORD";2011-12-01 17:05:00;2011-12-01 17:10:00;"D28";2011-12-01 17:35:00;2011-12-01 17:13:00;"G9"
"aa";"AA-554-SFO-ORD";2011-12-01 14:10:00;2011-12-01 14:19:00;"58A";2011-12-01 20:30:00;2011-12-01 20:14:00;"K8"
"aa";"AA-2212-CUN-DFW";2011-12-01 06:50:00;2011-12-01 07:00:00;"C21";2011-12-01 09:45:00;2011-12-01 09:49:00;"D40"
"aa";"AA-1466-DFW-BOS";2011-12-01 06:15:00;2011-12-01 06:22:00;"D18";2011-12-01 10:35:00;2011-12-01 10:36:00;"B31"
"aa";"AA-607-ORD-LAX";2011-12-01 21:25:00;2011-12-01 21:32:00;"K8";2011-12-01 23:55:00;;"46B"
"aa";"AA-3-JFK-LAX";2011-12-01 12:00:00;2011-12-01 12:11:00;"44";2011-12-01 15:15:00;2011-12-01 15:16:00;"48B"
"aa";"AA-3702-ORD-DEN";2011-12-01 10:20:00;2011-12-01 10:40:00;"H5";2011-12-01 11:55:00;2011-12-01 12:12:00;"A47"
"aa";"AA-431-MIA-SFO";2011-12-01 08:35:00;2011-12-01 08:51:00;"E9";2011-12-01 11:50:00;2011-12-01 11:44:00;"57"
"aa";"AA-4330-ORD-CVG";2011-12-01 12:50:00;2011-12-01 13:02:00;"G12";2011-12-01 14:55:00;2011-12-01 14:52:00;"5"
"aa";"AA-3822-DEN-LAX";2011-12-01 16:40:00;2011-12-01 17:27:00;"A49";2011-12-01 18:20:00;2011-12-01 18:35:00;"44J"
"aa";"AA-1125-DFW-PVR";2011-12-01 12:15:00;2011-12-01 17:30:00;"D34";2011-12-01 14:55:00;2011-12-01 19:56:00;
"aa";"AA-1092-LAX-ORD";2011-12-01 23:20:00;;"46A";2011-12-02 05:15:00;;"H15"
"aa";"AA-85-JFK-SFO";2011-12-01 15:05:00;2011-12-01 15:36:00;"39";2011-12-01 18:30:00;2011-12-01 18:43:00;"56A"
"aa";"AA-4307-ORD-DTW";2011-12-01 18:45:00;2011-12-01 18:55:00;"G19A";2011-12-01 21:10:00;2011-12-01 20:53:00;"D28"
"aa";"AA-1235-ORD-STL";2011-12-01 20:10:00;2011-12-01 20:22:00;"K3";2011-12-01 21:15:00;2011-12-01 21:15:00;"D4"
"aa";"AA-3979-CVG-ORD";2011-12-01 07:30:00;2011-12-01 08:04:00;"1";2011-12-01 08:00:00;2011-12-01 08:06:00;"G10"
"aa";"AA-2415-MIA-PUJ";2011-12-01 12:00:00;2011-12-01 12:15:00;"E5";2011-12-01 15:15:00;2011-12-01 15:06:00;
"aa";"AA-352-ORD-LGA";2011-12-01 17:20:00;2011-12-01 17:29:00;"K3";2011-12-01 20:30:00;2011-12-01 20:08:00;"D10"
"aa";"AA-204-LAX-MCO";2011-12-01 23:25:00;;"45";2011-12-02 06:55:00;;"TBA"
"aa";"AA-1436-DFW-CLT";2011-12-01 11:30:00;2011-12-01 11:39:00;"C7";2011-12-01 14:40:00;2011-12-01 14:48:00;"A9"
"aa";"AA-2098-ORD-BOS";2011-12-01 15:20:00;2011-12-01 15:29:00;"H14";2011-12-01 18:30:00;2011-12-01 18:22:00;"B35"
"aa";"AA-487-JFK-SJU";2011-12-01 06:30:00;2011-12-01 06:51:00;"47";2011-12-01 11:45:00;2011-12-01 11:21:00;"9"
"aa";"AA-1592-SAN-DFW";2011-12-01 06:20:00;2011-12-01 06:39:00;"29";2011-12-01 11:25:00;2011-12-01 11:06:00;"C39"
"aa";"AA-2149-MIA-CUN";2011-12-01 13:10:00;2011-12-01 13:17:00;"D45";2011-12-01 14:00:00;2011-12-01 13:44:00;
"aa";"AA-1299-MIA-SJU";2011-12-01 19:30:00;2011-12-01 19:38:00;"D43";2011-12-01 22:55:00;2011-12-01 22:38:00;"5"
"aa";"AA-329-LGA-ORD";2011-12-01 12:35:00;2011-12-01 13:06:00;"D10";2011-12-01 14:10:00;2011-12-01 14:12:00;"K12"
"aa";"AA-4277-CVG-JFK";2011-12-01 12:10:00;2011-12-01 12:10:00;"1";2011-12-01 14:15:00;2011-12-01 13:43:00;"32G"
"aa";"AA-4064-ORD-CLE";2011-12-01 17:45:00;2011-12-01 17:59:00;"G14";2011-12-01 20:10:00;2011-12-01 19:58:00;"A3"
"aa";"AA-1044-DFW-CMH";2011-12-01 10:10:00;2011-12-01 10:16:00;"C33";2011-12-01 13:25:00;2011-12-01 13:17:00;"B34"
"aa";"AA-3756-ORD-SLC";2011-12-01 12:15:00;2011-12-01 12:41:00;"G19";2011-12-01 14:45:00;2011-12-01 14:50:00;"A3"
"aa";"AA-3741-ORD-EWR";2011-12-01 22:50:00;;"H3A";2011-12-02 01:45:00;;"33"
"aa";"AA-382-ORD-LGA";2011-12-01 09:55:00;2011-12-01 10:02:00;"H14";2011-12-01 13:00:00;2011-12-01 12:39:00;"D8"
"aa";"AA-1184-PHX-DFW";2011-12-01 13:55:00;2011-12-01 14:18:00;"4";2011-12-01 17:10:00;2011-12-01 17:16:00;"C27"
"aa";"AA-616-DFW-DTW";2011-12-01 09:05:00;2011-12-01 10:10:00;"D37";2011-12-01 12:35:00;2011-12-01 13:27:00;"D32"
"aa";"AA-3785-ORD-IAH";2011-12-01 21:35:00;2011-12-01 22:01:00;"H1B";2011-12-02 00:10:00;;"A30"
"aa";"AA-1520-LAX-MIA";2011-12-01 11:00:00;2011-12-01 11:27:00;"48B";2011-12-01 18:55:00;2011-12-01 18:46:00;"D16"
"aa";"AA-2428-DFW-IAH";2011-12-01 14:25:00;2011-12-01 14:41:00;"C26";2011-12-01 15:30:00;2011-12-01 15:29:00;"A27"
"aa";"AA-3548-CVG-MIA";2011-12-01 18:05:00;2011-12-01 18:18:00;"5";2011-12-01 20:45:00;2011-12-01 20:37:00;"D60"
"aa";"AA-1917-JFK-MCO";2011-12-01 14:55:00;2011-12-01 15:27:00;"40";2011-12-01 17:55:00;2011-12-01 17:43:00;"12"
"aa";"AA-1597-BOS-ORD";2011-12-01 06:00:00;2011-12-01 06:13:00;"B36";2011-12-01 08:05:00;2011-12-01 07:49:00;"K8"
"aa";"AA-1835-ORD-SFO";2011-12-01 16:15:00;2011-12-01 16:53:00;"K9";2011-12-01 18:50:00;;"57"
"aa";"AA-1835-ORD-SFO";2011-12-01 16:15:00;2011-12-01 16:53:00;"K9";2011-12-01 18:50:00;2011-12-01 19:10:00;"57"
"aa";"AA-177-JFK-SFO";2011-12-01 17:40:00;2011-12-01 17:58:00;"43";2011-12-01 21:10:00;2011-12-01 20:51:00;"56A"
"aa";"AA-1223-DFW-DEN";2011-12-01 12:15:00;2011-12-01 12:43:00;"C27";2011-12-01 13:15:00;2011-12-01 13:24:00;"A47"
"aa";"AA-119-EWR-LAX";2011-12-01 18:15:00;2011-12-01 18:51:00;"32";2011-12-01 21:40:00;;"49A"
"aa";"AA-1623-EWR-MIA";2011-12-01 14:29:00;2011-12-01 14:43:00;"34";2011-12-01 17:39:00;2011-12-01 17:10:00;"D48"
"aa";"AA-1223-CLT-DFW";2011-12-01 09:05:00;2011-12-01 10:11:00;"A11";2011-12-01 11:10:00;2011-12-01 11:33:00;"C27"
"aa";"AA-3827-ATL-ORD";2011-12-01 11:30:00;2011-12-01 11:34:00;"T10";2011-12-01 12:45:00;2011-12-01 12:15:00;"G9"
"aa";"AA-932-UIO-MIA";2011-12-01 06:10:00;2011-12-01 06:56:00;;2011-12-01 10:15:00;2011-12-01 10:51:00;"E11"
"aa";"AA-3573-MIA-CLT";2011-12-01 16:25:00;2011-12-01 16:38:00;"D55";2011-12-01 18:35:00;2011-12-01 18:51:00;"A9"
"aa";"AA-3724-IAH-LAX";2011-12-01 20:05:00;2011-12-01 20:41:00;"A29";2011-12-01 21:45:00;;"44J"
"aa";"AA-1998-DFW-DCA";2011-12-01 14:40:00;2011-12-01 14:50:00;"C31";2011-12-01 18:15:00;2011-12-01 18:22:00;"32"
"aa";"AA-3762-IAH-LAX";2011-12-01 08:00:00;2011-12-01 08:10:00;"A30";2011-12-01 09:40:00;2011-12-01 09:26:00;"44I"
"aa";"AA-1733-ORD-PHX";2011-12-01 19:45:00;2011-12-01 19:58:00;"K5";2011-12-01 22:30:00;;"6"
"aa";"AA-1733-ORD-PHX";2011-12-01 19:45:00;2011-12-01 19:58:00;"K5";2011-12-01 22:30:00;;"6"
"aa";"AA-3509-MIA-ATL";2011-12-01 17:00:00;2011-12-01 17:07:00;"D60";2011-12-01 19:05:00;2011-12-01 18:55:00;"T10"
"aa";"AA-692-MIA-EWR";2011-12-01 12:35:00;2011-12-01 12:59:00;"E11";2011-12-01 15:25:00;2011-12-01 15:36:00;"34"
"aa";"AA-1332-DFW-ATL";2011-12-01 20:55:00;;"C4";2011-12-01 23:45:00;;"T9"
"aa";"AA-74-LAX-IAD";2011-12-01 23:00:00;;"46B";2011-12-02 06:40:00;;"B71"
"aa";"AA-1853-JFK-MIA";2011-12-01 16:30:00;2011-12-01 17:26:00;"8";2011-12-01 20:00:00;2011-12-01 19:47:00;"D49"
"aa";"AA-1047-MCO-MIA";2011-12-01 08:45:00;2011-12-01 08:48:00;"15";2011-12-01 09:50:00;2011-12-01 09:31:00;"D48"
"aa";"AA-3715-ORD-PHL";2011-12-01 22:30:00;;"H1A";2011-12-02 01:15:00;;"A7"
"aa";"AA-1217-FLL-DFW";2011-12-01 11:00:00;2011-12-01 11:10:00;"E2";2011-12-01 13:15:00;2011-12-01 13:05:00;"C31"
"aa";"AA-1198-LAX-LAS";2011-12-01 20:20:00;2011-12-01 20:39:00;"48A";2011-12-01 21:25:00;;"D33"
"aa";"AA-2495-BDL-DFW";2011-12-01 18:15:00;2011-12-01 18:20:00;"A26";2011-12-01 21:25:00;2011-12-01 20:57:00;"D31"
"aa";"AA-524-DFW-DTW";2011-12-01 17:25:00;2011-12-01 17:30:00;"C15";2011-12-01 20:55:00;2011-12-01 20:46:00;"D17"
"aa";"AA-474-DFW-ATL";2011-12-01 12:35:00;;"C19";2011-12-01 15:35:00;;"T12"
"aa";"AA-2446-DFW-MIA";2011-12-01 19:10:00;2011-12-01 19:34:00;"D21";2011-12-01 22:45:00;2011-12-01 22:43:00;"D42"
"aa";"AA-3816-DEN-LAX";2011-12-01 06:30:00;2011-12-01 07:49:00;"A49";2011-12-01 08:20:00;2011-12-01 08:49:00;"44J"
"aa";"AA-1066-MEX-DFW";2011-12-01 06:05:00;2011-12-01 06:23:00;"20";2011-12-01 08:50:00;2011-12-01 08:47:00;"D38"
"aa";"AA-1886-BOS-MIA";2011-12-01 10:45:00;2011-12-01 10:55:00;"B34";2011-12-01 14:20:00;2011-12-01 13:40:00;"D45"
"aa";"AA-3824-DEN-LAX";2011-12-01 20:10:00;2011-12-01 20:59:00;"A49";2011-12-01 21:50:00;;"44E"
"aa";"AA-4242-CLE-JFK";2011-12-01 12:20:00;2011-12-01 12:45:00;"A1";2011-12-01 14:00:00;2011-12-01 13:56:00;"31B"
"aa";"AA-3796-IAH-ORD";2011-12-01 11:50:00;2011-12-01 12:02:00;"A29";2011-12-01 14:25:00;2011-12-01 14:11:00;"G13"
"aa";"AA-2039-MIA-ORD";2011-12-01 21:40:00;2011-12-01 21:58:00;"D47";2011-12-01 23:50:00;;"K18"
"aa";"AA-2043-TPA-ORD";2011-12-01 12:30:00;2011-12-01 12:35:00;"F79";2011-12-01 14:25:00;2011-12-01 14:15:00;"H10"
"aa";"AA-2059-DFW-SLC";2011-12-01 22:20:00;2011-12-01 22:31:00;"C20";2011-12-01 23:59:00;;"A3"
